GO_ID,Description,GeneRatio,BgRatio,RichFactor,FoldEnrichment,zScore,pvalue,p.adjust,qvalue,geneID,Count,Direction,GO_Description,GO_Category,Ontology,Dataset
GO:0031047,GO:0031047,20/247,287/100553,0.06968641114982578,28.369140487240617,23.04122896795383,4.910363163110426e-23,6.33436848041245e-21,3.721538397304744e-21,TraesCS1D03G1045600.1/TraesCS3B03G1112800.3/TraesCS3B03G1112800.1/TraesCS3B03G1112800.2/TraesCS5B03G0320200.3/TraesCS5B03G0320200.5/TraesCS5B03G0320200.4/TraesCS5B03G0320200.1/TraesCS5B03G0320200.6/TraesCS5B03G0320200.2/TraesCS1D03G0387200.6/TraesCS1D03G0387200.8/TraesCS1D03G0387200.5/TraesCS1D03G0387200.9/TraesCS1D03G0387200.7/TraesCS1D03G0387200.3/TraesCS1D03G0387200.2/TraesCS1D03G0387200.1/TraesCS1D03G0387200.4/TraesCS5D03G1140400.1,20,Up,regulatory ncRNA-mediated gene silencing,biological_process,BP,3KO_vs_SN15
GO:0048511,GO:0048511,7/247,41/100553,0.17073170731707318,69.50439419373951,21.771170467815388,1.0373514798774474e-11,6.690917045209536e-10,3.9310161342724327e-10,TraesCS2D03G0156800.5/TraesCS2D03G0156800.2/TraesCS2D03G0156800.6/TraesCS2D03G0156800.1/TraesCS2D03G0156800.4/TraesCS2D03G0156800.7/TraesCS2D03G0156800.3,7,Up,rhythmic process,biological_process,BP,3KO_vs_SN15
GO:0000160,GO:0000160,12/247,351/100553,0.03418803418803419,13.917851828783004,12.030565425269609,1.0691182362902038e-10,4.597208416047876e-9,2.700930281154199e-9,TraesCS2A03G0159800.2/TraesCS2A03G0159800.1/TraesCS2A03G0159800.5/TraesCS2A03G0159800.4/TraesCS2A03G0159800.3/TraesCS2D03G0156800.5/TraesCS2D03G0156800.2/TraesCS2D03G0156800.6/TraesCS2D03G0156800.1/TraesCS2D03G0156800.4/TraesCS2D03G0156800.7/TraesCS2D03G0156800.3,12,Up,phosphorelay signal transduction system,biological_process,BP,3KO_vs_SN15
GO:0009522,GO:0009522,7/247,153/100553,0.0457516339869281,18.625360535577254,10.8267284884747,1.2375447014566555e-7,3.991081662197714e-6,2.344821539602084e-6,TraesCS1B03G1053200.1/TraesCS5B03G1135300.1/TraesCS5D03G1027800.1/TraesCS6A03G0215300.1/TraesCS6A03G0216400.1/TraesCS6A03G0216800.1/TraesCS7A03G0464000.1,7,Up,photosystem I,cellular_component,CC,3KO_vs_SN15
GO:0009439,GO:0009439,3/247,7/100553,0.42857142857142855,174.47021399652976,22.77570938261823,5.087800366013834e-7,1.3126524944315694e-5,7.712034239010444e-6,TraesCS4A03G0013100.1/TraesCS4B03G0780600.1/TraesCS4D03G0700800.1,3,Up,cyanate metabolic process,biological_process,BP,3KO_vs_SN15
GO:0008409,GO:0008409,3/247,16/100553,0.1875,76.33071862348179,14.953729421888896,8.008226495497539e-6,1.4758017398845463e-4,8.670561017681546e-5,TraesCS4D03G0566300.3/TraesCS4D03G0566300.1/TraesCS4D03G0566300.2,3,Up,5'-3' exonuclease activity,molecular_function,MF,3KO_vs_SN15
GO:0010267,GO:0010267,3/247,16/100553,0.1875,76.33071862348179,14.953729421888896,8.008226495497539e-6,1.4758017398845463e-4,8.670561017681546e-5,TraesCS3B03G1112800.3/TraesCS3B03G1112800.1/TraesCS3B03G1112800.2,3,Up,ta-siRNA processing,biological_process,BP,3KO_vs_SN15
GO:0009523,GO:0009523,8/247,418/100553,0.019138755980861243,7.791333320419193,6.904474235314319,1.0770954728846452e-5,1.7368164500264905e-4,1.020406237469664e-4,TraesCS1B03G1053200.1/TraesCS5A03G0926200.1/TraesCS5B03G1135300.1/TraesCS5D03G1027800.1/TraesCS6A03G0215300.1/TraesCS6A03G0216400.1/TraesCS6A03G0216800.1/TraesCS7A03G0464000.1,8,Up,photosystem II,cellular_component,CC,3KO_vs_SN15
GO:0009409,GO:0009409,5/247,125/100553,0.04,16.283886639676112,8.484803417135783,1.583954353417469e-5,2.270334573231706e-4,1.333856297614711e-4,TraesCS4A03G1010500.3/TraesCS4A03G1010500.5/TraesCS4A03G1010500.2/TraesCS4A03G1010500.1/TraesCS4A03G1010500.4,5,Up,response to cold,biological_process,BP,3KO_vs_SN15
GO:0070652,GO:0070652,3/247,38/100553,0.07894736842105263,32.13924994672917,9.527191275444121,1.1591156439395445e-4,0.0014952591806820124,8.784876459331284e-4,TraesCS5B03G0280300.2/TraesCS5B03G0280300.1/TraesCS5B03G0280300.3,3,Up,HAUS complex,cellular_component,CC,3KO_vs_SN15
GO:0016891,GO:0016891,3/247,40/100553,0.075,30.53228744939271,9.270354502790015,1.3526060215242097e-4,0.0015862379706965731,9.319390770310344e-4,TraesCS3B03G1112800.3/TraesCS3B03G1112800.1/TraesCS3B03G1112800.2,3,Up,"RNA endonuclease activity, producing 5'-phosphomonoesters",molecular_function,MF,3KO_vs_SN15
GO:0009579,GO:0009579,7/247,461/100553,0.015184381778741865,6.181518789464901,5.533351175325128,1.6172928567064734e-4,0.0017385898209594589,0.001021448120025141,TraesCS1B03G1053200.1/TraesCS5B03G1135300.1/TraesCS5D03G1027800.1/TraesCS6A03G0215300.1/TraesCS6A03G0216400.1/TraesCS6A03G0216800.1/TraesCS7A03G0464000.1,7,Up,thylakoid,cellular_component,CC,3KO_vs_SN15
GO:0019953,GO:0019953,4/247,121/100553,0.03305785123966942,13.457757553451334,6.8041970350046785,2.409375842248909e-4,0.002295688115184756,0.0013487518914182164,TraesCS1A03G0559000.1/TraesCS1B03G0651600.1/TraesCS1D03G0538400.1/TraesCS3D03G1048300.1,4,Up,sexual reproduction,biological_process,BP,3KO_vs_SN15
GO:0051225,GO:0051225,3/247,50/100553,0.06,24.425829959514168,8.221874686272175,2.635098283604629e-4,0.002295688115184756,0.0013487518914182164,TraesCS5B03G0280300.2/TraesCS5B03G0280300.1/TraesCS5B03G0280300.3,3,Up,spindle assembly,biological_process,BP,3KO_vs_SN15
GO:0031119,GO:0031119,2/247,10/100553,0.2,81.41943319838057,12.620177561381267,2.6694047850985534e-4,0.002295688115184756,0.0013487518914182164,TraesCS2D03G0915600.2/TraesCS2D03G0915600.3,2,Up,tRNA pseudouridine synthesis,biological_process,BP,3KO_vs_SN15
GO:0043169,GO:0043169,5/247,250/100553,0.02,8.141943319838056,5.6106066154079715,4.1172991132788946e-4,0.003262922373065028,0.0019170168164886333,TraesCS5D03G1042800.1/TraesCS5D03G1042800.4/TraesCS5D03G1042800.3/TraesCS5D03G1042800.5/TraesCS5D03G1042800.2,5,Up,cation binding,molecular_function,MF,3KO_vs_SN15
GO:0004525,GO:0004525,3/247,59/100553,0.05084745762711865,20.699855897893364,7.511027740441586,4.2999752203182537e-4,0.003262922373065028,0.0019170168164886333,TraesCS3B03G1112800.3/TraesCS3B03G1112800.1/TraesCS3B03G1112800.2,3,Up,ribonuclease III activity,molecular_function,MF,3KO_vs_SN15
GO:0005788,GO:0005788,3/247,61/100553,0.04918032786885246,20.021172097962435,7.374232477104462,4.7432085977462874e-4,0.003399299495051506,0.001997140462208963,TraesCS2A03G1256000.2/TraesCS2A03G1256000.1/TraesCS2A03G1256000.3,3,Up,endoplasmic reticulum lumen,cellular_component,CC,3KO_vs_SN15
GO:0006487,GO:0006487,2/247,14/100553,0.14285714285714285,58.156737998843255,10.61315604275396,5.363205596934614e-4,0.0036413343263398167,0.0021393396286941394,TraesCS3D03G0906400.1/TraesCS3D03G0906400.2,2,Up,protein N-linked glycosylation,biological_process,BP,3KO_vs_SN15
GO:0015293,GO:0015293,5/247,279/100553,0.017921146953405017,7.295648136055606,5.22551088090429,6.757978180973398e-4,0.004358895926727842,0.0025609180475267613,TraesCS3A03G0952500.1/TraesCS3D03G0886700.1/TraesCS4B03G0955900.1/TraesCS4B03G0955900.2/TraesCS6A03G0720700.1,5,Up,symporter activity,molecular_function,MF,3KO_vs_SN15
GO:0000467,GO:0000467,2/247,20/100553,0.1,40.70971659919029,8.813285549226649,0.0011089514286763095,0.006812130204725902,0.004002230720034801,TraesCS2B03G0600400.2/TraesCS2B03G0600400.1,2,Up,"exonucleolytic trimming to generate mature 3'-end of 5.8S rRNA from tricistronic rRNA transcript (SSU-rRNA, 5.8S rRNA, LSU-rRNA)",biological_process,BP,3KO_vs_SN15
GO:0008381,GO:0008381,2/247,26/100553,0.07692307692307693,31.315166614761758,7.671594685621392,0.0018785517806196171,0.011015144531815027,0.006471565942804423,TraesCS3D03G0430600.1/TraesCS3D03G0430600.2,2,Up,mechanosensitive monoatomic ion channel activity,molecular_function,MF,3KO_vs_SN15
GO:0008250,GO:0008250,2/247,29/100553,0.06896551724137931,28.07566662013123,7.2364181376987995,0.0023353832994782507,0.013098454157943232,0.0076955422225370275,TraesCS3D03G0906400.1/TraesCS3D03G0906400.2,2,Up,oligosaccharyltransferase complex,cellular_component,CC,3KO_vs_SN15
GO:0035672,GO:0035672,3/247,117/100553,0.02564102564102564,10.438388871587252,5.069048784445287,0.003098968185056814,0.016517134587194192,0.00970406928011409,TraesCS2D03G0882600.3/TraesCS2D03G0882600.2/TraesCS2D03G0882600.1,3,Up,oligopeptide transmembrane transport,biological_process,BP,3KO_vs_SN15
GO:0010287,GO:0010287,2/247,34/100553,0.058823529411764705,23.946892117170755,6.640788211607167,0.003200995075037634,0.016517134587194192,0.00970406928011409,TraesCS7D03G1162000.2/TraesCS7D03G1162000.1,2,Up,plastoglobule,cellular_component,CC,3KO_vs_SN15
GO:0000175,GO:0000175,2/247,41/100553,0.04878048780487805,19.85839834106843,5.993329477116797,0.004626237143063337,0.022103133016858168,0.012985928822633929,TraesCS2B03G0600400.2/TraesCS2B03G0600400.1,2,Up,3'-5'-RNA exonuclease activity,molecular_function,MF,3KO_vs_SN15
GO:0031123,GO:0031123,2/247,41/100553,0.04878048780487805,19.85839834106843,5.993329477116797,0.004626237143063337,0.022103133016858168,0.012985928822633929,TraesCS6D03G0393300.2/TraesCS6D03G0393300.1,2,Up,RNA 3'-end processing,biological_process,BP,3KO_vs_SN15
GO:0015385,GO:0015385,2/247,43/100553,0.046511627906976744,18.934751906600134,5.837210324628701,0.005078094000351063,0.023395504501617394,0.013745216843055508,TraesCS7A03G0963000.2/TraesCS7A03G0963000.1,2,Up,sodium:proton antiporter activity,molecular_function,MF,3KO_vs_SN15
GO:0006869,GO:0006869,4/247,282/100553,0.014184397163120567,5.774427886409969,3.9841767466420257,0.0053820414613747255,0.023784166881933265,0.013973561937977929,TraesCS3B03G0051200.1/TraesCS3B03G0142600.1/TraesCS3B03G0142100.1/TraesCS3B03G0141900.1,4,Up,lipid transport,biological_process,BP,3KO_vs_SN15
GO:0035673,GO:0035673,3/247,144/100553,0.020833333333333332,8.481190958164643,4.458061369612161,0.005531201600449597,0.023784166881933265,0.013973561937977929,TraesCS2D03G0882600.3/TraesCS2D03G0882600.2/TraesCS2D03G0882600.1,3,Up,oligopeptide transmembrane transporter activity,molecular_function,MF,3KO_vs_SN15
GO:1990817,GO:1990817,2/247,50/100553,0.04,16.283886639676112,5.364258209326327,0.006811610650335094,0.02834508948042668,0.016653173746150315,TraesCS6D03G0393300.2/TraesCS6D03G0393300.1,2,Up,poly(A) RNA polymerase activity,molecular_function,MF,3KO_vs_SN15
GO:0030422,GO:0030422,1/247,3/100553,0.3333333333333333,135.69905533063428,11.577492733774765,0.007351233870025009,0.029634661538538318,0.01741081706058555,TraesCS3B03G1112800.3,1,Up,siRNA processing,biological_process,BP,3KO_vs_SN15
GO:0004721,GO:0004721,5/247,496/100553,0.010080645161290322,4.103802076531278,3.4386778897058017,0.007957569690208416,0.03110686333445108,0.018275758140191577,TraesCS5D03G1042800.1/TraesCS5D03G1042800.4/TraesCS5D03G1042800.3/TraesCS5D03G1042800.5/TraesCS5D03G1042800.2,5,Up,phosphoprotein phosphatase activity,molecular_function,MF,3KO_vs_SN15
GO:0031332,GO:0031332,1/247,4/100553,0.25,101.77429149797571,10.001640693101637,0.00978966495141853,0.03714314055097031,0.0218221633591992,TraesCS5D03G1140400.1,1,Up,RNAi effector complex,cellular_component,CC,3KO_vs_SN15
GO:0009744,GO:0009744,2/247,62/100553,0.03225806451612903,13.13216664490009,4.741884866780828,0.010313892320169207,0.0380140602657665,0.022333842016607004,TraesCS3A03G0872300.1/TraesCS7A03G0355000.1,2,Up,response to sucrose,biological_process,BP,3KO_vs_SN15
GO:0019905,GO:0019905,1/247,5/100553,0.2,81.41943319838057,8.923591251243492,0.012222130244529006,0.043795966709562276,0.025730800514797907,TraesCS2B03G1219300.1,1,Up,syntaxin binding,molecular_function,MF,3KO_vs_SN15
GO:0009982,GO:0009982,2/247,73/100553,0.0273972602739726,11.15334701347679,4.306368832018196,0.014082838787880834,0.04845320802252313,0.02846700104138446,TraesCS2D03G0915600.2/TraesCS2D03G0915600.3,2,Up,pseudouridine synthase activity,molecular_function,MF,3KO_vs_SN15
GO:0004399,GO:0004399,1/247,6/100553,0.16666666666666666,67.84952766531714,8.125868443739382,0.014648644285879087,0.04845320802252313,0.02846700104138446,TraesCS2A03G0729900.1,1,Up,histidinol dehydrogenase activity,molecular_function,MF,3KO_vs_SN15
GO:0005483,GO:0005483,1/247,6/100553,0.16666666666666666,67.84952766531714,8.125868443739382,0.014648644285879087,0.04845320802252313,0.02846700104138446,TraesCS2B03G1219300.1,1,Up,soluble NSF attachment protein activity,molecular_function,MF,3KO_vs_SN15
GO:0006611,GO:0006611,13/410,50/100553,0.26,63.765317073170735,28.404830542730465,2.2027140216906085e-20,4.295292342296687e-18,2.6432568260287304e-18,TraesCS3A03G0509000.4/TraesCS3A03G0509000.5/TraesCS3A03G0509000.13/TraesCS3A03G0509000.11/TraesCS3A03G0509000.7/TraesCS3A03G0509000.10/TraesCS3A03G0509000.9/TraesCS3A03G0509000.6/TraesCS3A03G0509000.2/TraesCS3A03G0509000.8/TraesCS3A03G0509000.3/TraesCS3A03G0509000.12/TraesCS3A03G0509000.1,13,Down,protein export from nucleus,biological_process,BP,3KO_vs_SN15
GO:0046488,GO:0046488,16/410,134/100553,0.11940298507462686,29.28372770294867,20.963224570805345,5.713168638525117e-19,3.7135596150413265e-17,2.2852674554100472e-17,TraesCS3D03G0835600.1/TraesCS3D03G0835600.9/TraesCS3D03G0835600.7/TraesCS3D03G0835600.6/TraesCS3D03G0835600.4/TraesCS3D03G0835600.2/TraesCS3D03G0835600.8/TraesCS3D03G0835600.5/TraesCS3D03G0835600.3/TraesCS3B03G1031100.4/TraesCS3B03G1031100.1/TraesCS3B03G1031100.5/TraesCS3B03G1031100.7/TraesCS3B03G1031100.3/TraesCS3B03G1031100.6/TraesCS3B03G1031100.2,16,Down,phosphatidylinositol metabolic process,biological_process,BP,3KO_vs_SN15
GO:0052742,GO:0052742,16/410,134/100553,0.11940298507462686,29.28372770294867,20.963224570805345,5.713168638525117e-19,3.7135596150413265e-17,2.2852674554100472e-17,TraesCS3D03G0835600.1/TraesCS3D03G0835600.9/TraesCS3D03G0835600.7/TraesCS3D03G0835600.6/TraesCS3D03G0835600.4/TraesCS3D03G0835600.2/TraesCS3D03G0835600.8/TraesCS3D03G0835600.5/TraesCS3D03G0835600.3/TraesCS3B03G1031100.4/TraesCS3B03G1031100.1/TraesCS3B03G1031100.5/TraesCS3B03G1031100.7/TraesCS3B03G1031100.3/TraesCS3B03G1031100.6/TraesCS3B03G1031100.2,16,Down,phosphatidylinositol kinase activity,molecular_function,MF,3KO_vs_SN15
GO:0005049,GO:0005049,13/410,109/100553,0.11926605504587157,29.250145446408595,18.88204044922728,1.168724069607833e-15,5.697529839338186e-14,3.506172208823499e-14,TraesCS3A03G0509000.4/TraesCS3A03G0509000.5/TraesCS3A03G0509000.13/TraesCS3A03G0509000.11/TraesCS3A03G0509000.7/TraesCS3A03G0509000.10/TraesCS3A03G0509000.9/TraesCS3A03G0509000.6/TraesCS3A03G0509000.2/TraesCS3A03G0509000.8/TraesCS3A03G0509000.3/TraesCS3A03G0509000.12/TraesCS3A03G0509000.1,13,Down,nuclear export signal receptor activity,molecular_function,MF,3KO_vs_SN15
GO:0004596,GO:0004596,8/410,17/100553,0.47058823529411764,115.41233859397418,30.186551941571185,1.6798128004667653e-15,6.551269921820385e-14,4.0315507211202374e-14,TraesCS6B03G0842400.3/TraesCS6B03G0842400.2/TraesCS6B03G0842400.5/TraesCS6B03G0842400.4/TraesCS6B03G0842400.1/TraesCS6D03G0596200.2/TraesCS6D03G0596200.1/TraesCS6A03G0709300.2,8,Down,peptide alpha-N-acetyltransferase activity,molecular_function,MF,3KO_vs_SN15
GO:0004373,GO:0004373,10/410,50/100553,0.2,49.05024390243903,21.745433612555786,1.0110993998129453e-14,3.286073049392072e-13,2.0221987996258905e-13,TraesCS1A03G0361500.2/TraesCS1A03G0361500.5/TraesCS1A03G0361500.1/TraesCS1A03G0361500.3/TraesCS1A03G0361500.4/TraesCS1B03G0450400.3/TraesCS1B03G0450400.4/TraesCS1B03G0450400.2/TraesCS1B03G0450400.1/TraesCS1B03G0450400.5,10,Down,"alpha-1,4-glucan glucosyltransferase (UDP-glucose donor) activity",molecular_function,MF,3KO_vs_SN15
GO:0017038,GO:0017038,7/410,12/100553,0.5833333333333334,143.06321138211382,31.49036081673723,1.3853087482855696e-14,3.8590743702240867e-13,2.3748149970609766e-13,TraesCS3D03G0433200.5/TraesCS3D03G0433200.3/TraesCS3D03G0433200.4/TraesCS3D03G0433200.2/TraesCS3D03G0433200.1/TraesCS3D03G0433200.7/TraesCS3D03G0433200.6,7,Down,protein import,biological_process,BP,3KO_vs_SN15
GO:2001070,GO:2001070,9/410,62/100553,0.14516129032258066,35.60098347757671,17.438040825412163,4.783596643231314e-12,1.1660016817876328e-10,7.175394964846971e-11,TraesCS7A03G0676500.6/TraesCS7A03G0676500.3/TraesCS7A03G0676500.2/TraesCS7A03G0676500.5/TraesCS7A03G0676500.4/TraesCS7A03G0676500.1/TraesCS7D03G0653300.3/TraesCS7D03G0653300.2/TraesCS7D03G0653300.1,9,Down,starch binding,molecular_function,MF,3KO_vs_SN15
GO:0004540,GO:0004540,9/410,80/100553,0.1125,27.59076219512195,15.22397565661253,5.1260731437067096e-11,1.1106491811364539e-9,6.834764191608946e-10,TraesCS7A03G0676500.6/TraesCS7A03G0676500.3/TraesCS7A03G0676500.2/TraesCS7A03G0676500.5/TraesCS7A03G0676500.4/TraesCS7A03G0676500.1/TraesCS7D03G0653300.3/TraesCS7D03G0653300.2/TraesCS7D03G0653300.1,9,Down,RNA nuclease activity,molecular_function,MF,3KO_vs_SN15
GO:0006605,GO:0006605,7/410,37/100553,0.1891891891891892,46.39887936717205,17.672800796798374,1.6495049979350009e-10,3.216534745973252e-9,1.9794059975220012e-9,TraesCS3D03G0433200.5/TraesCS3D03G0433200.3/TraesCS3D03G0433200.4/TraesCS3D03G0433200.2/TraesCS3D03G0433200.1/TraesCS3D03G0433200.7/TraesCS3D03G0433200.6,7,Down,protein targeting,biological_process,BP,3KO_vs_SN15
GO:0006325,GO:0006325,15/410,431/100553,0.03480278422273782,8.535425273046233,10.031332608808208,4.693935018763224e-10,8.321066624171169e-9,5.120656384105335e-9,TraesCS5D03G0414600.5/TraesCS6B03G0842400.3/TraesCS6B03G0842400.2/TraesCS6B03G0842400.5/TraesCS6B03G0842400.4/TraesCS6B03G0842400.1/TraesCS6D03G0596200.2/TraesCS6D03G0596200.1/TraesCS6A03G0709300.2/TraesCS7B03G1260000.2/TraesCS7B03G1260000.1/TraesCS7B03G1260000.3/TraesCS7D03G1250700.3/TraesCS7D03G1250700.2/TraesCS7D03G1250700.1,15,Down,chromatin organization,biological_process,BP,3KO_vs_SN15
GO:0007059,GO:0007059,8/410,77/100553,0.1038961038961039,25.48064618308521,13.750359641263593,1.1746844472316774e-9,1.9088622267514758e-8,1.1746844472316776e-8,TraesCS6B03G0842400.3/TraesCS6B03G0842400.2/TraesCS6B03G0842400.5/TraesCS6B03G0842400.4/TraesCS6B03G0842400.1/TraesCS6D03G0596200.2/TraesCS6D03G0596200.1/TraesCS6A03G0709300.2,8,Down,chromosome segregation,biological_process,BP,3KO_vs_SN15
GO:0015112,GO:0015112,7/410,49/100553,0.14285714285714285,35.03588850174216,15.248265497375355,1.3195474852642903e-9,1.9793212278964354e-8,1.2180438325516526e-8,TraesCS6A03G0073200.1/TraesCS6A03G0074200.1/TraesCS6A03G0074300.1/TraesCS6D03G0074700.1/TraesCS6D03G0074900.1/TraesCS6D03G0075600.1/TraesCS6D03G0075700.1,7,Down,nitrate transmembrane transporter activity,molecular_function,MF,3KO_vs_SN15
GO:0015706,GO:0015706,7/410,70/100553,0.1,24.525121951219514,12.598289771369238,1.7108224020189466e-8,2.3829312028121043e-7,1.466419201730526e-7,TraesCS6A03G0073200.1/TraesCS6A03G0074200.1/TraesCS6A03G0074300.1/TraesCS6D03G0074700.1/TraesCS6D03G0074900.1/TraesCS6D03G0075600.1/TraesCS6D03G0075700.1,7,Down,nitrate transmembrane transport,biological_process,BP,3KO_vs_SN15
GO:0003725,GO:0003725,6/410,59/100553,0.1016949152542373,24.94080198429103,11.76986875713653,1.6631331000184929e-7,2.1620730300240407e-6,1.3305064800147943e-6,TraesCS3B03G0868800.1/TraesCS3B03G0868800.3/TraesCS3B03G0868800.6/TraesCS3B03G0868800.5/TraesCS3B03G0868800.2/TraesCS3B03G0868800.4,6,Down,double-stranded RNA binding,molecular_function,MF,3KO_vs_SN15
GO:0016226,GO:0016226,7/410,105/100553,0.06666666666666667,16.350081300813006,10.069587238364969,2.8738116656942665e-7,3.502457967564887e-6,2.1553587492706998e-6,TraesCS3A03G0719400.7/TraesCS3A03G0719400.5/TraesCS3A03G0719400.6/TraesCS3A03G0719400.4/TraesCS3A03G0719400.2/TraesCS3A03G0719400.3/TraesCS3A03G0719400.1,7,Down,iron-sulfur cluster assembly,biological_process,BP,3KO_vs_SN15
GO:0004519,GO:0004519,9/410,240/100553,0.0375,9.196920731707316,8.134947096370809,7.796891880282985e-7,8.943493627383424e-6,5.5036883860821075e-6,TraesCS7A03G0676500.6/TraesCS7A03G0676500.3/TraesCS7A03G0676500.2/TraesCS7A03G0676500.5/TraesCS7A03G0676500.4/TraesCS7A03G0676500.1/TraesCS7D03G0653300.3/TraesCS7D03G0653300.2/TraesCS7D03G0653300.1,9,Down,endonuclease activity,molecular_function,MF,3KO_vs_SN15
GO:0032300,GO:0032300,4/410,23/100553,0.17391304347826086,42.652386002120885,12.783004664788738,2.268447530711851e-6,2.423559696059344e-5,1.4914213514211347e-5,TraesCS6A03G0559000.1/TraesCS6A03G0559000.4/TraesCS6A03G0559000.2/TraesCS6A03G0559000.3,4,Down,mismatch repair complex,cellular_component,CC,3KO_vs_SN15
GO:0051536,GO:0051536,11/410,437/100553,0.02517162471395881,6.173371658201708,6.934891000393456,2.36141713975013e-6,2.423559696059344e-5,1.4914213514211347e-5,TraesCS2A03G0267400.1/TraesCS2A03G0267400.2/TraesCS3A03G0719400.7/TraesCS3A03G0719400.5/TraesCS3A03G0719400.6/TraesCS3A03G0719400.4/TraesCS3A03G0719400.2/TraesCS3A03G0719400.3/TraesCS3A03G0719400.1/TraesCS7B03G1123600.1/TraesCS7B03G1123600.2,11,Down,iron-sulfur cluster binding,molecular_function,MF,3KO_vs_SN15
GO:0032968,GO:0032968,4/410,26/100553,0.15384615384615385,37.73095684803002,11.985455424530409,3.7929461504228884e-6,3.698122496662316e-5,2.275767690253733e-5,TraesCS1D03G0338300.1/TraesCS1D03G0338300.2/TraesCS1D03G0338300.4/TraesCS1D03G0338300.3,4,Down,positive regulation of transcription elongation by RNA polymerase II,biological_process,BP,3KO_vs_SN15
GO:0008017,GO:0008017,11/410,494/100553,0.022267206477732792,5.4610595437938185,6.359901677340721,7.513929170447287e-6,6.977219943986767e-5,4.293673811684163e-5,TraesCS2D03G0480100.3/TraesCS2D03G0480100.7/TraesCS2D03G0480100.4/TraesCS2D03G0480100.2/TraesCS2D03G0480100.5/TraesCS2D03G0480100.1/TraesCS2D03G0480100.8/TraesCS2D03G0480100.6/TraesCS4A03G0462800.1/TraesCS4A03G0462800.2/TraesCS5A03G0172400.1,11,Down,microtubule binding,molecular_function,MF,3KO_vs_SN15
GO:0141052,GO:0141052,3/410,10/100553,0.3,73.57536585365852,14.685552839797237,7.905672021370251e-6,7.007300200759996e-5,4.312184738929228e-5,TraesCS6D03G0598200.2/TraesCS6D03G0598200.1/TraesCS6D03G0598200.3,3,Down,histone H3 demethylase activity,molecular_function,MF,3KO_vs_SN15
GO:0005507,GO:0005507,8/410,272/100553,0.029411764705882353,7.2132711621233865,6.565569726167606,1.8756265444110063e-5,1.5902051137397662e-4,9.785877623013946e-5,TraesCS3D03G0795900.1/TraesCS5A03G0702800.1/TraesCS5A03G0703000.1/TraesCS5B03G0740200.1/TraesCS6D03G0675000.1/TraesCS7B03G0214300.1/TraesCS7B03G0215200.1/TraesCS7B03G0215200.2,8,Down,copper ion binding,molecular_function,MF,3KO_vs_SN15
GO:0052716,GO:0052716,5/410,88/100553,0.056818181818181816,13.934728381374722,7.767267125939073,3.26303592506058e-5,2.651216689111721e-4,1.63151796253029e-4,TraesCS3D03G0795900.1/TraesCS6D03G0675000.1/TraesCS7B03G0214300.1/TraesCS7B03G0215200.1/TraesCS7B03G0215200.2,5,Down,hydroquinone:oxygen oxidoreductase activity,molecular_function,MF,3KO_vs_SN15
GO:0006396,GO:0006396,9/410,399/100553,0.022556390977443608,5.531982395011919,5.8038676279220764,4.563659011833467e-5,3.559654029230104e-4,2.1905563256800645e-4,TraesCS7A03G0676500.6/TraesCS7A03G0676500.3/TraesCS7A03G0676500.2/TraesCS7A03G0676500.5/TraesCS7A03G0676500.4/TraesCS7A03G0676500.1/TraesCS7D03G0653300.3/TraesCS7D03G0653300.2/TraesCS7D03G0653300.1,9,Down,RNA processing,biological_process,BP,3KO_vs_SN15
GO:0001786,GO:0001786,2/410,3/100553,0.6666666666666666,163.50081300813008,18.00951901937843,4.9621087063997286e-5,3.7215815297997963e-4,2.2902040183383362e-4,TraesCS3B03G1323800.1/TraesCS3D03G1058700.1,2,Down,phosphatidylserine binding,molecular_function,MF,3KO_vs_SN15
GO:0016042,GO:0016042,9/410,410/100553,0.02195121951219512,5.383563355145746,5.690964854903864,5.6197395120444654e-5,4.0587007586987805e-4,2.4976620053530956e-4,TraesCS1A03G0676700.1/TraesCS1B03G0769100.2/TraesCS1B03G0769100.1/TraesCS3A03G1171500.1/TraesCS3B03G1402800.1/TraesCS3D03G1115200.1/TraesCS6B03G0964200.1/TraesCS7B03G1258000.2/TraesCS7B03G1258000.1,9,Down,lipid catabolic process,biological_process,BP,3KO_vs_SN15
GO:0046274,GO:0046274,5/410,100/100553,0.05,12.262560975609757,7.209957186131939,6.024847073226336e-5,4.195875640282627e-4,2.5820773170970014e-4,TraesCS3D03G0795900.1/TraesCS6D03G0675000.1/TraesCS7B03G0214300.1/TraesCS7B03G0215200.1/TraesCS7B03G0215200.2,5,Down,lignin catabolic process,biological_process,BP,3KO_vs_SN15
GO:0030983,GO:0030983,4/410,58/100553,0.06896551724137931,16.913877207737595,7.757017271792907,9.71024328864183e-5,6.529301521672955e-4,4.0180317056448956e-4,TraesCS6A03G0559000.1/TraesCS6A03G0559000.4/TraesCS6A03G0559000.2/TraesCS6A03G0559000.3,4,Down,mismatched DNA binding,molecular_function,MF,3KO_vs_SN15
GO:0006298,GO:0006298,4/410,59/100553,0.06779661016949153,16.62720132286069,7.6827045615308975,1.038303004225943e-4,6.74896952746863e-4,4.1532120169037725e-4,TraesCS6A03G0559000.1/TraesCS6A03G0559000.4/TraesCS6A03G0559000.2/TraesCS6A03G0559000.3,4,Down,mismatch repair,biological_process,BP,3KO_vs_SN15
GO:0051213,GO:0051213,8/410,391/100553,0.020460358056265986,5.017927764955399,5.093496307859553,2.3240129335895334e-4,0.0014618791033869645,8.996179097765936e-4,TraesCS2D03G0054900.1/TraesCS2D03G0054900.2/TraesCS2D03G0055200.1/TraesCS2D03G0055200.2/TraesCS5B03G0957600.1/TraesCS5D03G0028900.1/TraesCS5D03G0868300.1/TraesCS6B03G0405500.1,8,Down,dioxygenase activity,molecular_function,MF,3KO_vs_SN15
GO:0034440,GO:0034440,4/410,74/100553,0.05405405405405406,13.256822676334872,6.748901614833422,2.501607726110752e-4,0.0015244172080987395,9.381028972915321e-4,TraesCS5B03G0957600.1/TraesCS5D03G0028900.1/TraesCS5D03G0868300.1/TraesCS6B03G0405500.1,4,Down,lipid oxidation,biological_process,BP,3KO_vs_SN15
GO:0030570,GO:0030570,3/410,32/100553,0.09375,22.992301829268293,7.9614883230615225,3.056958873480738e-4,0.0018063847888749815,0.0011116214085384502,TraesCS2D03G0034000.2/TraesCS2D03G0034000.1/TraesCS2D03G0034000.3,3,Down,pectate lyase activity,molecular_function,MF,3KO_vs_SN15
GO:0040029,GO:0040029,3/410,33/100553,0.09090909090909091,22.295565410199558,7.828830521352615,3.352504749604338e-4,0.0019227600769789587,0.00118323697044859,TraesCS6D03G0598200.2/TraesCS6D03G0598200.1/TraesCS6D03G0598200.3,3,Down,epigenetic regulation of gene expression,biological_process,BP,3KO_vs_SN15
GO:0006537,GO:0006537,2/410,9/100553,0.2222222222222222,54.50027100271002,10.270134786263366,5.858647030913183e-4,0.0031734338084113078,0.001952882343637728,TraesCS2A03G0267400.1/TraesCS2A03G0267400.2,2,Down,glutamate biosynthetic process,biological_process,BP,3KO_vs_SN15
GO:0015930,GO:0015930,2/410,9/100553,0.2222222222222222,54.50027100271002,10.270134786263366,5.858647030913183e-4,0.0031734338084113078,0.001952882343637728,TraesCS2A03G0267400.1/TraesCS2A03G0267400.2,2,Down,glutamate synthase activity,molecular_function,MF,3KO_vs_SN15
GO:0031347,GO:0031347,3/410,48/100553,0.0625,15.328201219512195,6.35324265293525,0.0010157322833735892,0.005353183655617565,0.0032942668649954244,TraesCS7B03G0283200.1/TraesCS7B03G0284300.1/TraesCS7D03G0457300.1,3,Down,regulation of defense response,biological_process,BP,3KO_vs_SN15
GO:0016638,GO:0016638,2/410,15/100553,0.13333333333333333,32.70016260162601,7.856316747956403,0.001681311011623904,0.00862778019122793,0.005309403194601802,TraesCS2A03G0267400.1/TraesCS2A03G0267400.2,2,Down,"oxidoreductase activity, acting on the CH-NH2 group of donors",molecular_function,MF,3KO_vs_SN15
GO:0006367,GO:0006367,4/410,125/100553,0.032,7.848039024390244,4.901971843079471,0.0017902132448394052,0.0087272895685921,0.005370639734518215,TraesCS1D03G0338300.1/TraesCS1D03G0338300.2/TraesCS1D03G0338300.4/TraesCS1D03G0338300.3,4,Down,transcription initiation at RNA polymerase II promoter,biological_process,BP,3KO_vs_SN15
GO:0031408,GO:0031408,4/410,125/100553,0.032,7.848039024390244,4.901971843079471,0.0017902132448394052,0.0087272895685921,0.005370639734518215,TraesCS5B03G0957600.1/TraesCS5D03G0028900.1/TraesCS5D03G0868300.1/TraesCS6B03G0405500.1,4,Down,oxylipin biosynthetic process,biological_process,BP,3KO_vs_SN15
GO:0004143,GO:0004143,3/410,62/100553,0.04838709677419355,11.86699449252557,5.476696745715207,0.0021294060044097568,0.010056359121351879,0.006188528690062695,TraesCS1A03G0610900.1/TraesCS1A03G0610900.3/TraesCS1A03G0610900.2,3,Down,ATP-dependent diacylglycerol kinase activity,molecular_function,MF,3KO_vs_SN15
GO:0051538,GO:0051538,2/410,17/100553,0.11764705882352941,28.853084648493546,7.348757981938599,0.002165985041521943,0.010056359121351879,0.006188528690062695,TraesCS2A03G0267400.1/TraesCS2A03G0267400.2,2,Down,"3 iron, 4 sulfur cluster binding",molecular_function,MF,3KO_vs_SN15
GO:0071949,GO:0071949,6/410,325/100553,0.018461538461538463,4.5277148217636025,4.075844478686174,0.0023309072632940265,0.01057039340331012,0.006504857478960075,TraesCS1B03G1254300.1/TraesCS2B03G0421300.1/TraesCS3A03G0238600.1/TraesCS3B03G0305700.1/TraesCS7B03G1123600.1/TraesCS7B03G1123600.2,6,Down,FAD binding,molecular_function,MF,3KO_vs_SN15
GO:0019252,GO:0019252,3/410,65/100553,0.046153846153846156,11.319287054409006,5.325081472405758,0.002437281641577828,0.010801589093356283,0.006647131749757713,TraesCS1A03G0361500.5/TraesCS1B03G0450400.4/TraesCS1B03G0450400.5,3,Down,starch biosynthetic process,biological_process,BP,3KO_vs_SN15
GO:0009501,GO:0009501,3/410,66/100553,0.045454545454545456,11.147782705099779,5.276733644753939,0.0025456870991488524,0.01103131076297836,0.006788498931063607,TraesCS1A03G0361500.5/TraesCS1B03G0450400.4/TraesCS1B03G0450400.5,3,Down,amyloplast,cellular_component,CC,3KO_vs_SN15
GO:2000022,GO:2000022,3/410,67/100553,0.04477611940298507,10.981397888605752,5.229413411981661,0.002657027434339079,0.01126348586295914,0.006931375915667164,TraesCS7B03G0283200.1/TraesCS7B03G0284300.1/TraesCS7D03G0457300.1,3,Down,regulation of jasmonic acid mediated signaling pathway,biological_process,BP,3KO_vs_SN15
GO:0030036,GO:0030036,3/410,78/100553,0.038461538461538464,9.432739212007505,4.767206338257148,0.00408261851528982,0.01688864794268387,0.01039301411857469,TraesCS5A03G0567600.3/TraesCS5A03G0567600.1/TraesCS5A03G0567600.2,3,Down,actin cytoskeleton organization,biological_process,BP,3KO_vs_SN15
GO:0016702,GO:0016702,4/410,158/100553,0.02531645569620253,6.208891633220129,4.192709862471481,0.004157205647429876,0.01688864794268387,0.01039301411857469,TraesCS5B03G0957600.1/TraesCS5D03G0028900.1/TraesCS5D03G0868300.1/TraesCS6B03G0405500.1,4,Down,"oxidoreductase activity, acting on single donors with incorporation of molecular oxygen, incorporation of two atoms of oxygen",molecular_function,MF,3KO_vs_SN15
GO:0008381,GO:0008381,2/410,26/100553,0.07692307692307693,18.86547842401501,5.829575749274983,0.005052187555477731,0.019703531466363153,0.012125250133146557,TraesCS3A03G0464900.1/TraesCS3A03G0464900.2,2,Down,mechanosensitive monoatomic ion channel activity,molecular_function,MF,3KO_vs_SN15
GO:0016868,GO:0016868,2/410,26/100553,0.07692307692307693,18.86547842401501,5.829575749274983,0.005052187555477731,0.019703531466363153,0.012125250133146557,TraesCS5D03G0263900.1/TraesCS5D03G0263900.2,2,Down,intramolecular phosphotransferase activity,molecular_function,MF,3KO_vs_SN15
GO:0004351,GO:0004351,2/410,28/100553,0.07142857142857142,17.51794425087108,5.593388137462657,0.005844594385449665,0.021917228945436244,0.013487525504883843,TraesCS3B03G0052400.1/TraesCS3B03G0052400.2,2,Down,glutamate decarboxylase activity,molecular_function,MF,3KO_vs_SN15
GO:0006536,GO:0006536,2/410,28/100553,0.07142857142857142,17.51794425087108,5.593388137462657,0.005844594385449665,0.021917228945436244,0.013487525504883843,TraesCS3B03G0052400.1/TraesCS3B03G0052400.2,2,Down,glutamate metabolic process,biological_process,BP,3KO_vs_SN15
GO:0016830,GO:0016830,3/410,106/100553,0.02830188679245283,6.941072250345145,3.915851985070568,0.009522617524569198,0.034429105500915665,0.021187141846717335,TraesCS1A03G0816200.1/TraesCS3B03G0052400.1/TraesCS3B03G0052400.2,3,Down,carbon-carbon lyase activity,molecular_function,MF,3KO_vs_SN15
GO:0019139,GO:0019139,2/410,36/100553,0.05555555555555555,13.625067750677506,4.847772099424114,0.009534213831022799,0.034429105500915665,0.021187141846717335,TraesCS3A03G0238600.1/TraesCS3B03G0305700.1,2,Down,cytokinin dehydrogenase activity,molecular_function,MF,3KO_vs_SN15
GO:0006896,GO:0006896,1/410,3/100553,0.3333333333333333,81.75040650406504,8.949345882255617,0.012182666692443389,0.043193091000481104,0.02658036369260376,TraesCS7A03G0109200.1,1,Down,Golgi to vacuole transport,biological_process,BP,3KO_vs_SN15
GO:0004834,GO:0004834,2/410,42/100553,0.047619047619047616,11.67862950058072,4.429047655735267,0.012822583178846516,0.04465006642634055,0.02747696395467111,TraesCS5B03G1093500.2/TraesCS5B03G1093500.1,2,Down,tryptophan synthase activity,molecular_function,MF,3KO_vs_SN15
GO:0015385,GO:0015385,2/410,43/100553,0.046511627906976744,11.407033465683496,4.367506184629811,0.013412184726821859,0.04588378985491688,0.028236178372256546,TraesCS7A03G0963000.2/TraesCS7A03G0963000.1,2,Down,sodium:proton antiporter activity,molecular_function,MF,3KO_vs_SN15
